               epoch,      train/box_loss,      train/obj_loss,      train/cls_loss,   metrics/precision,      metrics/recall,     metrics/mAP_0.5,metrics/mAP_0.5:0.95,        val/box_loss,        val/obj_loss,        val/cls_loss,               x/lr0,               x/lr1,               x/lr2
                   0,            0.075145,             0.02798,                   0,             0.17809,                 0.5,             0.14945,            0.045387,            0.047044,            0.016562,                   0,             0.00048,             0.00048,             0.09568
                   1,            0.054386,            0.024543,                   0,             0.64805,             0.85496,             0.80059,             0.42117,            0.026685,            0.011861,                   0,           0.0009699,           0.0009699,             0.09127
                   2,            0.041612,            0.020126,                   0,             0.79951,             0.85714,             0.85932,             0.45433,            0.021593,           0.0081014,                   0,           0.0014594,           0.0014594,            0.086859
                   3,            0.036559,            0.017123,                   0,             0.57448,             0.81972,             0.70492,             0.48362,            0.031979,           0.0061715,                   0,           0.0019483,           0.0019483,            0.082448
                   4,            0.036673,            0.016831,                   0,             0.82753,             0.85681,             0.86332,              0.5474,            0.025049,           0.0065007,                   0,           0.0024361,           0.0024361,            0.078036
                   5,            0.032277,            0.014996,                   0,                   1,             0.99996,               0.995,             0.69038,            0.017766,           0.0047215,                   0,           0.0029228,           0.0029228,            0.073623
                   6,            0.032025,            0.014248,                   0,                   1,              0.9641,               0.989,             0.70273,            0.014824,           0.0043236,                   0,           0.0034079,           0.0034079,            0.069208
                   7,            0.030741,            0.013603,                   0,             0.90322,             0.99998,             0.95005,             0.75355,            0.015779,           0.0039495,                   0,           0.0038911,           0.0038911,            0.064791
                   8,            0.028914,            0.013122,                   0,             0.93305,                   1,             0.98514,             0.80398,            0.013717,           0.0037002,                   0,           0.0043723,           0.0043723,            0.060372
                   9,            0.026655,            0.013124,                   0,             0.92857,             0.92855,             0.91715,             0.50477,            0.019121,           0.0052289,                   0,            0.004851,            0.004851,            0.055951
                  10,            0.029692,            0.012435,                   0,             0.83857,             0.92764,             0.88318,             0.52675,            0.019409,           0.0031716,                   0,           0.0053271,           0.0053271,            0.051527
                  11,            0.026866,            0.012782,                   0,             0.88875,             0.85714,             0.94627,             0.61898,            0.015042,           0.0045278,                   0,           0.0058002,           0.0058002,              0.0471
                  12,            0.027725,            0.012461,                   0,             0.93332,             0.99987,             0.97848,             0.71431,            0.020136,           0.0035926,                   0,           0.0062701,           0.0062701,             0.04267
                  13,            0.029522,            0.012577,                   0,             0.93333,                   1,             0.98014,             0.72791,            0.017827,           0.0038191,                   0,           0.0067364,           0.0067364,            0.038236
                  14,            0.029322,            0.012609,                   0,             0.96546,                   1,             0.98914,             0.77209,            0.012667,           0.0033747,                   0,            0.007199,            0.007199,            0.033799
                  15,            0.027993,            0.011308,                   0,             0.96527,                   1,             0.98638,             0.71941,            0.017293,           0.0030861,                   0,           0.0076575,           0.0076575,            0.029358
                  16,            0.024396,            0.011803,                   0,             0.99957,                   1,               0.995,             0.79241,            0.010645,           0.0033449,                   0,           0.0081117,           0.0081117,            0.024912
                  17,            0.029989,             0.01215,                   0,              0.9333,             0.99947,             0.98157,             0.70254,            0.013973,           0.0037062,                   0,           0.0085614,           0.0085614,            0.020461
                  18,            0.025649,            0.011425,                   0,              0.9333,             0.99954,              0.9905,             0.83032,            0.014364,           0.0032913,                   0,           0.0090061,           0.0090061,            0.016006
                  19,            0.027511,            0.011799,                   0,             0.90322,                   1,             0.97911,             0.62472,            0.021947,           0.0034755,                   0,           0.0094458,           0.0094458,            0.011546
                  20,            0.025809,            0.011355,                   0,                   1,             0.96421,               0.993,             0.76045,            0.013998,           0.0035478,                   0,            0.009611,            0.009611,            0.009611
                  21,            0.026234,            0.011967,                   0,             0.93318,                   1,             0.97833,             0.68312,            0.013183,           0.0040363,                   0,            0.009611,            0.009611,            0.009611
                  22,            0.023988,             0.01143,                   0,                   1,             0.99989,               0.995,             0.82826,            0.011342,            0.002783,                   0,           0.0095717,           0.0095717,           0.0095717
                  23,            0.024684,            0.011202,                   0,             0.93321,                   1,             0.96575,             0.77071,            0.013352,           0.0036766,                   0,           0.0095307,           0.0095307,           0.0095307
                  24,            0.022319,            0.011522,                   0,                   1,             0.99999,               0.995,              0.8024,            0.012053,           0.0032138,                   0,           0.0094879,           0.0094879,           0.0094879
                  25,            0.022396,            0.011275,                   0,             0.93087,             0.96429,             0.98103,             0.82676,            0.015717,           0.0035353,                   0,           0.0094434,           0.0094434,           0.0094434
                  26,             0.02191,            0.010896,                   0,                   1,             0.99992,               0.995,             0.77123,            0.014039,           0.0026289,                   0,           0.0093971,           0.0093971,           0.0093971
                  27,            0.023937,              0.0105,                   0,             0.99982,                   1,               0.995,             0.82323,            0.010799,           0.0028655,                   0,           0.0093491,           0.0093491,           0.0093491
                  28,            0.022458,             0.01007,                   0,              0.9332,                   1,             0.99033,             0.74665,            0.010196,           0.0030348,                   0,           0.0092995,           0.0092995,           0.0092995
                  29,            0.021977,             0.01051,                   0,             0.96484,                   1,             0.99397,             0.74894,            0.011413,           0.0029691,                   0,           0.0092481,           0.0092481,           0.0092481
                  30,            0.021794,            0.010361,                   0,             0.93325,                   1,             0.98287,             0.73585,           0.0091821,           0.0033881,                   0,           0.0091952,           0.0091952,           0.0091952
                  31,            0.021556,            0.010379,                   0,             0.96545,                   1,             0.98776,               0.812,            0.010105,            0.003023,                   0,           0.0091406,           0.0091406,           0.0091406
                  32,            0.021033,            0.009638,                   0,             0.99984,             0.92857,             0.98439,             0.83467,            0.013682,            0.002912,                   0,           0.0090844,           0.0090844,           0.0090844
                  33,            0.020423,            0.010344,                   0,             0.99993,                   1,               0.995,             0.87345,             0.01076,           0.0024569,                   0,           0.0090266,           0.0090266,           0.0090266
                  34,            0.019689,           0.0095864,                   0,             0.96551,             0.99985,             0.99155,             0.77257,            0.013077,           0.0030577,                   0,           0.0089673,           0.0089673,           0.0089673
                  35,            0.018591,           0.0098151,                   0,             0.96545,                   1,             0.99397,             0.84676,            0.010862,           0.0028584,                   0,           0.0089065,           0.0089065,           0.0089065
                  36,            0.018595,           0.0094709,                   0,             0.99994,                   1,               0.995,             0.83821,            0.011657,           0.0029069,                   0,           0.0088442,           0.0088442,           0.0088442
                  37,            0.019778,           0.0098207,                   0,             0.99999,                   1,               0.995,             0.82184,           0.0093446,           0.0033209,                   0,           0.0087804,           0.0087804,           0.0087804
                  38,            0.019519,           0.0095847,                   0,                   1,             0.99998,               0.995,             0.86924,            0.011067,           0.0027229,                   0,           0.0087151,           0.0087151,           0.0087151
                  39,            0.017974,           0.0094177,                   0,             0.96454,                   1,             0.99259,             0.81879,           0.0089307,           0.0026862,                   0,           0.0086485,           0.0086485,           0.0086485
                  40,            0.018542,           0.0092539,                   0,                   1,             0.96373,               0.993,             0.82826,            0.010425,           0.0027077,                   0,           0.0085805,           0.0085805,           0.0085805
                  41,            0.017982,           0.0094597,                   0,             0.99999,                   1,               0.995,             0.91006,           0.0082267,           0.0025352,                   0,           0.0085111,           0.0085111,           0.0085111
                  42,            0.017757,           0.0093441,                   0,              0.9655,                   1,             0.99397,             0.88735,           0.0098148,           0.0023432,                   0,           0.0084404,           0.0084404,           0.0084404
                  43,            0.021605,           0.0090162,                   0,             0.93333,             0.99998,             0.98679,             0.84561,            0.010172,           0.0027743,                   0,           0.0083684,           0.0083684,           0.0083684
                  44,            0.016696,           0.0084678,                   0,             0.93322,                   1,             0.99033,             0.88273,           0.0086892,           0.0025722,                   0,           0.0082952,           0.0082952,           0.0082952
                  45,            0.020407,            0.008974,                   0,             0.96549,                   1,             0.99259,             0.91727,           0.0086538,           0.0023326,                   0,           0.0082207,           0.0082207,           0.0082207
                  46,            0.015935,            0.008939,                   0,                   1,              0.9997,               0.995,              0.8853,            0.009075,           0.0023303,                   0,            0.008145,            0.008145,            0.008145
                  47,            0.018017,            0.008654,                   0,             0.99998,                   1,               0.995,             0.87098,           0.0079939,           0.0023301,                   0,           0.0080682,           0.0080682,           0.0080682
                  48,            0.017103,           0.0090335,                   0,             0.99959,                   1,               0.995,             0.85977,            0.012085,           0.0027653,                   0,           0.0079903,           0.0079903,           0.0079903
                  49,            0.016697,           0.0085935,                   0,                   1,             0.96429,               0.993,             0.89769,           0.0091809,           0.0026832,                   0,           0.0079112,           0.0079112,           0.0079112
                  50,            0.019115,           0.0083376,                   0,             0.96549,                   1,             0.99397,             0.88183,           0.0088479,           0.0029871,                   0,           0.0078311,           0.0078311,           0.0078311
                  51,            0.017076,           0.0084543,                   0,             0.99985,                   1,               0.995,              0.8734,           0.0077071,           0.0022975,                   0,             0.00775,             0.00775,             0.00775
                  52,            0.018149,           0.0085855,                   0,             0.99999,                   1,               0.995,              0.8429,           0.0094895,           0.0023454,                   0,           0.0076679,           0.0076679,           0.0076679
                  53,            0.015773,            0.008471,                   0,             0.99996,                   1,               0.995,             0.88602,           0.0087545,           0.0023272,                   0,           0.0075848,           0.0075848,           0.0075848
                  54,            0.015889,           0.0080935,                   0,                   1,             0.99997,               0.995,             0.86035,           0.0078727,            0.002258,                   0,           0.0075009,           0.0075009,           0.0075009
                  55,            0.015023,           0.0084457,                   0,             0.96547,                   1,             0.98776,             0.79538,           0.0088206,           0.0022206,                   0,            0.007416,            0.007416,            0.007416
                  56,            0.016343,           0.0081334,                   0,             0.99998,                   1,               0.995,             0.88358,           0.0077066,           0.0023083,                   0,           0.0073303,           0.0073303,           0.0073303
                  57,            0.019478,           0.0081689,                   0,             0.99999,                   1,               0.995,             0.90591,           0.0085423,           0.0023287,                   0,           0.0072438,           0.0072438,           0.0072438
                  58,            0.014564,           0.0084555,                   0,             0.99996,                   1,               0.995,             0.87437,           0.0086117,            0.002452,                   0,           0.0071566,           0.0071566,           0.0071566
                  59,            0.015814,           0.0079672,                   0,             0.96552,                   1,             0.99397,             0.90171,           0.0094728,           0.0022236,                   0,           0.0070686,           0.0070686,           0.0070686
                  60,            0.015301,           0.0078107,                   0,             0.96548,                   1,             0.99155,             0.90599,           0.0085577,           0.0022429,                   0,           0.0069799,           0.0069799,           0.0069799
                  61,             0.01253,           0.0081024,                   0,              0.9332,                   1,              0.9905,             0.88554,           0.0089384,           0.0023624,                   0,           0.0068906,           0.0068906,           0.0068906
                  62,            0.014799,           0.0076122,                   0,             0.99998,                   1,               0.995,             0.91958,           0.0076741,            0.002309,                   0,           0.0068006,           0.0068006,           0.0068006
                  63,            0.014732,           0.0080009,                   0,                   1,             0.99992,               0.995,              0.9175,           0.0072022,           0.0022885,                   0,           0.0067101,           0.0067101,           0.0067101
                  64,            0.015548,           0.0077713,                   0,             0.99996,                   1,               0.995,             0.90766,           0.0081397,            0.002393,                   0,           0.0066191,           0.0066191,           0.0066191
                  65,            0.014503,           0.0077919,                   0,             0.99993,                   1,               0.995,             0.92761,           0.0088414,           0.0021945,                   0,           0.0065276,           0.0065276,           0.0065276
                  66,            0.014557,           0.0076454,                   0,                   1,             0.99992,               0.995,             0.92176,           0.0074904,           0.0020708,                   0,           0.0064356,           0.0064356,           0.0064356
                  67,            0.014945,           0.0080256,                   0,             0.99996,                   1,               0.995,              0.9237,           0.0063359,           0.0022408,                   0,           0.0063432,           0.0063432,           0.0063432
                  68,            0.015944,           0.0076653,                   0,                   1,             0.99991,               0.995,             0.93428,           0.0060976,            0.002033,                   0,           0.0062505,           0.0062505,           0.0062505
                  69,            0.014927,           0.0077263,                   0,             0.96543,                   1,             0.99259,             0.89997,           0.0061588,           0.0020044,                   0,           0.0061574,           0.0061574,           0.0061574
                  70,            0.013987,            0.007362,                   0,             0.96548,                   1,             0.99397,             0.88567,           0.0075736,            0.002777,                   0,            0.006064,            0.006064,            0.006064
                  71,            0.012943,           0.0073511,                   0,             0.99998,                   1,               0.995,             0.91285,           0.0065869,           0.0023947,                   0,           0.0059704,           0.0059704,           0.0059704
                  72,            0.015715,            0.007564,                   0,                   1,             0.99979,               0.995,             0.92277,           0.0079051,           0.0024196,                   0,           0.0058766,           0.0058766,           0.0058766
                  73,            0.013243,           0.0075932,                   0,             0.99976,                   1,               0.995,             0.93172,           0.0071799,           0.0021369,                   0,           0.0057826,           0.0057826,           0.0057826
                  74,            0.012656,            0.007415,                   0,             0.99995,                   1,               0.995,             0.94683,           0.0061488,           0.0020189,                   0,           0.0056884,           0.0056884,           0.0056884
                  75,            0.013428,           0.0074402,                   0,             0.96551,                   1,             0.99259,             0.92616,           0.0068642,           0.0020293,                   0,           0.0055942,           0.0055942,           0.0055942
                  76,            0.012504,           0.0068751,                   0,                   1,             0.99965,               0.995,             0.93957,           0.0074853,           0.0022608,                   0,              0.0055,              0.0055,              0.0055
                  77,            0.014709,           0.0068675,                   0,                   1,                   1,               0.995,             0.95073,           0.0059148,           0.0020861,                   0,           0.0054058,           0.0054058,           0.0054058
                  78,            0.014425,            0.007267,                   0,                   1,             0.99983,               0.995,             0.91208,           0.0070899,           0.0025314,                   0,           0.0053116,           0.0053116,           0.0053116
                  79,            0.011218,           0.0068241,                   0,              0.9655,                   1,             0.99397,             0.93675,           0.0056969,           0.0020266,                   0,           0.0052174,           0.0052174,           0.0052174
                  80,            0.012124,           0.0069032,                   0,             0.99987,                   1,               0.995,             0.91751,           0.0063175,           0.0019476,                   0,           0.0051234,           0.0051234,           0.0051234
                  81,            0.012473,           0.0070815,                   0,             0.99997,                   1,               0.995,             0.91871,           0.0066114,           0.0021271,                   0,           0.0050296,           0.0050296,           0.0050296
                  82,            0.013727,           0.0071407,                   0,                   1,              0.9997,               0.995,             0.93558,           0.0067489,           0.0023537,                   0,            0.004936,            0.004936,            0.004936
                  83,            0.012598,           0.0067663,                   0,             0.99999,                   1,               0.995,             0.93554,            0.007433,           0.0021319,                   0,           0.0048426,           0.0048426,           0.0048426
                  84,            0.012678,           0.0066001,                   0,             0.99977,                   1,               0.995,              0.9528,           0.0067737,           0.0019124,                   0,           0.0047495,           0.0047495,           0.0047495
                  85,            0.013306,           0.0067515,                   0,             0.99989,                   1,               0.995,             0.92794,           0.0067925,           0.0019435,                   0,           0.0046568,           0.0046568,           0.0046568
                  86,            0.012556,            0.006842,                   0,             0.99999,                   1,               0.995,             0.93753,           0.0066918,           0.0019735,                   0,           0.0045644,           0.0045644,           0.0045644
                  87,            0.012055,           0.0067537,                   0,             0.99995,                   1,               0.995,             0.95932,           0.0062696,           0.0020006,                   0,           0.0044724,           0.0044724,           0.0044724
                  88,            0.012567,           0.0065086,                   0,             0.99999,                   1,               0.995,             0.95023,           0.0062067,           0.0017934,                   0,           0.0043809,           0.0043809,           0.0043809
                  89,            0.012712,           0.0069519,                   0,             0.99991,                   1,               0.995,             0.91298,           0.0058304,           0.0018995,                   0,           0.0042899,           0.0042899,           0.0042899
                  90,            0.012911,            0.006706,                   0,             0.99996,                   1,               0.995,             0.93847,           0.0048678,           0.0019229,                   0,           0.0041994,           0.0041994,           0.0041994
                  91,            0.010308,           0.0065463,                   0,             0.99998,                   1,               0.995,             0.94955,           0.0057432,           0.0017211,                   0,           0.0041094,           0.0041094,           0.0041094
                  92,            0.010745,           0.0065548,                   0,              0.9999,                   1,               0.995,             0.95705,           0.0060625,           0.0020402,                   0,           0.0040201,           0.0040201,           0.0040201
                  93,            0.012393,           0.0067633,                   0,             0.99995,                   1,               0.995,              0.9628,           0.0053501,           0.0018723,                   0,           0.0039314,           0.0039314,           0.0039314
                  94,            0.010238,           0.0067168,                   0,             0.99997,                   1,               0.995,             0.95216,           0.0055308,           0.0020691,                   0,           0.0038434,           0.0038434,           0.0038434
                  95,            0.011419,            0.006524,                   0,             0.99996,                   1,               0.995,              0.9673,           0.0049659,              0.0018,                   0,           0.0037562,           0.0037562,           0.0037562
                  96,            0.010209,           0.0063882,                   0,             0.99991,                   1,               0.995,             0.95997,           0.0057538,           0.0019802,                   0,           0.0036697,           0.0036697,           0.0036697
                  97,            0.011785,           0.0067415,                   0,             0.99997,                   1,               0.995,             0.96542,           0.0061647,           0.0018916,                   0,            0.003584,            0.003584,            0.003584
                  98,            0.011186,           0.0064953,                   0,             0.99999,                   1,               0.995,             0.97598,           0.0065262,           0.0018224,                   0,           0.0034991,           0.0034991,           0.0034991
                  99,            0.010678,           0.0059114,                   0,             0.99999,                   1,               0.995,              0.9594,            0.005678,           0.0017999,                   0,           0.0034152,           0.0034152,           0.0034152
                 100,            0.010532,            0.006348,                   0,             0.99996,                   1,               0.995,             0.97202,           0.0052764,           0.0016141,                   0,           0.0033321,           0.0033321,           0.0033321
                 101,            0.011039,           0.0059712,                   0,                   1,                   1,               0.995,             0.97119,           0.0057792,           0.0016349,                   0,             0.00325,             0.00325,             0.00325
                 102,            0.010849,           0.0062943,                   0,             0.99995,                   1,               0.995,             0.95552,           0.0065478,           0.0019008,                   0,           0.0031689,           0.0031689,           0.0031689
                 103,           0.0088978,           0.0060609,                   0,             0.99997,                   1,               0.995,             0.96391,           0.0057796,           0.0018257,                   0,           0.0030888,           0.0030888,           0.0030888
                 104,            0.010424,           0.0061991,                   0,             0.99993,                   1,               0.995,             0.96363,           0.0058116,           0.0016935,                   0,           0.0030097,           0.0030097,           0.0030097
                 105,            0.010085,            0.006428,                   0,             0.99998,                   1,               0.995,             0.97203,           0.0056666,           0.0016412,                   0,           0.0029318,           0.0029318,           0.0029318
                 106,           0.0094462,           0.0060969,                   0,                   1,             0.99995,               0.995,             0.94596,           0.0054562,           0.0020295,                   0,            0.002855,            0.002855,            0.002855
                 107,            0.010573,           0.0057534,                   0,                   1,             0.99995,               0.995,             0.98121,           0.0058801,           0.0017655,                   0,           0.0027793,           0.0027793,           0.0027793
                 108,           0.0093216,           0.0060042,                   0,             0.99987,                   1,               0.995,             0.96671,            0.005109,           0.0017154,                   0,           0.0027048,           0.0027048,           0.0027048
                 109,            0.010437,           0.0061363,                   0,             0.99996,                   1,               0.995,             0.96658,           0.0047682,           0.0017353,                   0,           0.0026316,           0.0026316,           0.0026316
                 110,           0.0098901,           0.0059485,                   0,             0.99988,                   1,               0.995,             0.96374,           0.0054813,           0.0018873,                   0,           0.0025596,           0.0025596,           0.0025596
                 111,            0.011541,           0.0062411,                   0,             0.99992,                   1,               0.995,             0.97284,           0.0050315,           0.0016702,                   0,           0.0024889,           0.0024889,           0.0024889
                 112,           0.0096567,           0.0061002,                   0,             0.99999,                   1,               0.995,             0.97302,           0.0045429,           0.0016353,                   0,           0.0024195,           0.0024195,           0.0024195
                 113,            0.010877,           0.0061145,                   0,             0.99988,                   1,               0.995,             0.97327,           0.0047816,           0.0016584,                   0,           0.0023515,           0.0023515,           0.0023515
                 114,            0.010583,           0.0062111,                   0,             0.99994,                   1,               0.995,             0.97483,           0.0045631,           0.0016374,                   0,           0.0022849,           0.0022849,           0.0022849
                 115,            0.010666,           0.0057502,                   0,             0.99999,                   1,               0.995,             0.97249,           0.0047446,           0.0015533,                   0,           0.0022196,           0.0022196,           0.0022196
                 116,            0.009909,           0.0062337,                   0,             0.99997,                   1,               0.995,             0.96907,           0.0050372,           0.0016187,                   0,           0.0021558,           0.0021558,           0.0021558
                 117,            0.008777,           0.0059744,                   0,                   1,                   1,               0.995,             0.97293,           0.0051324,           0.0015009,                   0,           0.0020935,           0.0020935,           0.0020935
                 118,            0.010535,           0.0059563,                   0,             0.99993,                   1,               0.995,             0.96885,           0.0051306,           0.0017474,                   0,           0.0020327,           0.0020327,           0.0020327
                 119,           0.0098786,           0.0059013,                   0,             0.99998,                   1,               0.995,             0.96679,           0.0059948,           0.0018184,                   0,           0.0019734,           0.0019734,           0.0019734
                 120,           0.0093479,           0.0055947,                   0,             0.99998,                   1,               0.995,             0.96611,           0.0052086,           0.0017705,                   0,           0.0019156,           0.0019156,           0.0019156
                 121,           0.0085836,           0.0054864,                   0,             0.99989,                   1,               0.995,             0.96387,           0.0050629,           0.0017465,                   0,           0.0018594,           0.0018594,           0.0018594
                 122,           0.0086394,           0.0053418,                   0,             0.99992,                   1,               0.995,             0.96802,           0.0048835,            0.001799,                   0,           0.0018048,           0.0018048,           0.0018048
                 123,           0.0078345,           0.0058412,                   0,             0.99995,                   1,               0.995,             0.97194,           0.0047272,           0.0017858,                   0,           0.0017519,           0.0017519,           0.0017519
                 124,           0.0087171,           0.0057131,                   0,             0.99993,                   1,               0.995,             0.97474,           0.0053312,           0.0016095,                   0,           0.0017005,           0.0017005,           0.0017005
                 125,           0.0090118,           0.0055402,                   0,             0.99991,                   1,               0.995,             0.96533,           0.0050364,           0.0016034,                   0,           0.0016509,           0.0016509,           0.0016509
                 126,           0.0088679,           0.0058489,                   0,             0.99997,                   1,               0.995,             0.97044,            0.004848,           0.0017312,                   0,           0.0016029,           0.0016029,           0.0016029
                 127,           0.0091634,           0.0057843,                   0,             0.99996,                   1,               0.995,              0.9756,           0.0041216,           0.0017653,                   0,           0.0015566,           0.0015566,           0.0015566
                 128,           0.0081827,           0.0053099,                   0,             0.99986,                   1,               0.995,             0.96317,           0.0043794,            0.001817,                   0,           0.0015121,           0.0015121,           0.0015121
                 129,           0.0083032,           0.0054142,                   0,             0.99991,                   1,               0.995,             0.96777,           0.0046525,            0.001805,                   0,           0.0014693,           0.0014693,           0.0014693
                 130,           0.0091758,           0.0057091,                   0,             0.99993,                   1,               0.995,             0.98106,           0.0044893,            0.001749,                   0,           0.0014283,           0.0014283,           0.0014283
                 131,           0.0093016,           0.0054226,                   0,             0.99994,                   1,               0.995,             0.98243,           0.0043717,           0.0016746,                   0,            0.001389,            0.001389,            0.001389
                 132,           0.0072216,           0.0054563,                   0,             0.99989,                   1,               0.995,             0.97597,           0.0044861,           0.0017639,                   0,           0.0013516,           0.0013516,           0.0013516
                 133,           0.0080685,           0.0056171,                   0,             0.99997,                   1,               0.995,             0.98369,           0.0047903,           0.0016782,                   0,            0.001316,            0.001316,            0.001316
                 134,           0.0092734,           0.0057523,                   0,             0.99987,                   1,               0.995,             0.98189,           0.0042852,           0.0015216,                   0,           0.0012822,           0.0012822,           0.0012822
                 135,           0.0083974,           0.0055299,                   0,                   1,             0.99993,               0.995,             0.98587,           0.0041141,           0.0016735,                   0,           0.0012503,           0.0012503,           0.0012503
                 136,            0.010122,           0.0055085,                   0,             0.99972,                   1,               0.995,             0.97783,           0.0041822,           0.0017598,                   0,           0.0012202,           0.0012202,           0.0012202
                 137,           0.0082338,           0.0055496,                   0,             0.99979,                   1,               0.995,             0.98279,           0.0044287,           0.0017231,                   0,           0.0011921,           0.0011921,           0.0011921
                 138,           0.0095753,            0.005658,                   0,             0.99993,                   1,               0.995,             0.98043,           0.0046367,           0.0017114,                   0,           0.0011658,           0.0011658,           0.0011658
                 139,           0.0093302,           0.0058917,                   0,             0.99991,                   1,               0.995,              0.9867,           0.0042679,           0.0016764,                   0,           0.0011414,           0.0011414,           0.0011414
                 140,           0.0074977,           0.0051644,                   0,             0.99992,                   1,               0.995,             0.97386,           0.0043021,           0.0017577,                   0,           0.0011189,           0.0011189,           0.0011189
                 141,            0.008721,           0.0053582,                   0,             0.99992,                   1,               0.995,             0.97438,           0.0042127,           0.0017388,                   0,           0.0010983,           0.0010983,           0.0010983
                 142,           0.0083873,           0.0053714,                   0,             0.99996,                   1,               0.995,             0.97455,            0.003947,           0.0015972,                   0,           0.0010797,           0.0010797,           0.0010797
                 143,           0.0084429,           0.0052435,                   0,                   1,             0.99993,               0.995,             0.97235,           0.0046903,           0.0017451,                   0,            0.001063,            0.001063,            0.001063
                 144,           0.0086436,           0.0053799,                   0,             0.99994,                   1,               0.995,             0.98553,           0.0042556,             0.00168,                   0,           0.0010483,           0.0010483,           0.0010483
                 145,           0.0086938,           0.0055085,                   0,             0.99989,                   1,               0.995,              0.9799,           0.0046773,           0.0016502,                   0,           0.0010355,           0.0010355,           0.0010355
                 146,           0.0077927,           0.0054046,                   0,             0.99981,                   1,               0.995,             0.98001,           0.0044782,            0.001707,                   0,           0.0010247,           0.0010247,           0.0010247
                 147,           0.0085613,           0.0055406,                   0,             0.99996,                   1,               0.995,             0.97768,           0.0041921,           0.0019268,                   0,           0.0010158,           0.0010158,           0.0010158
                 148,           0.0078913,           0.0053861,                   0,             0.99997,                   1,               0.995,             0.97279,           0.0042046,            0.001833,                   0,           0.0010089,           0.0010089,           0.0010089
                 149,           0.0088471,           0.0055241,                   0,             0.99988,                   1,               0.995,             0.97242,           0.0044975,            0.001812,                   0,           0.0010039,           0.0010039,           0.0010039
